exp_years,full_time,category,lifecycle_stage,ip_involved,Nature of startup,funding_source,scale_up,Rating,dummy
1 - 5 years,No,FINTECH,Establishing,Planning to file,Business to customers,Funding from Govt,Targeting other audienc,3,
1 - 5 years,Yes,EDTECH,Launch,Patent Pending,Business to customers,Won a competiton,Strategic partnerships with Corporates,0,exp_years
None,No,FINTECH,Scaling,Planning to file,Business to business,Series A,Expand to new geographies,4,None
Less than a year,No,SOCIAL,Validation,Patent Granted,B2B2C,Funding from Govt,Link up with eco-system players,2,Less than a year
Less than a year,No,SMART CITIES,Ideation,Planning to file,Business to Government,Seed Funding,Targeting other audienc,4,1 - 5 years
More than 5 years,Yes,AGRITECH,Committment,Planning to file,Business to Government,Funding from Govt,Link up with eco-system players,2,More than 5 years
Less than a year,No,TRANSPORTATION,Validation,Non-patentable,Business to customers,Series A,Link up with eco-system players,0,
Less than a year,Yes,EDTECH,Establishing,Patent Granted,Business to business,Bootstrap,Open new stores,4,full_time
More than 5 years,No,TRANSPORTATION,Conception,No,Consumer to Consumer,Crowd funding,Cutting unit cost of product,2,Yes
None,No,AGRITECH,Launch,Patent Granted,Business to customers,Crowd funding,Open new stores,3,No
More than 5 years,No,TRANSPORTATION,Conception,Patent Pending,Business to business,Crowd funding,Expand to more verticals,2,
More than 5 years,No,FINTECH,Conception,Patent Granted,Business to business,Friends & Family,Expand to more verticals,1,category
None,No,AGRITECH,Launch,Patent Pending,Business to business,Seed Funding,Expand to new geographies,2,FINTECH
1 - 5 years,No,SMART CITIES,Conception,Patent Pending,Business to business,Bootstrap,Cutting unit cost of product,0,HEALTHTECH
Less than a year,Yes,SMART CITIES,Establishing,Non-patentable,B2B2C,Crowd funding,Expand to new geographies,1,AGRITECH
None,Yes,SOCIAL,Validation,Patent Granted,Business to customers,Crowd funding,Strategic partnerships with Corporates,2,SUSTAINABILITY
1 - 5 years,No,EDTECH,Conception,Patent Granted,Business to Government,Won a competiton,Targeting other audienc,0,SOCIAL
None,No,SOCIAL,Establishing,Non-patentable,Consumer to Consumer,Bootstrap,Targeting other audienc,4,TRANSPORTATION
None,No,AGRITECH,Establishing,Non-patentable,Business to customers,Series A,Open new stores,4,SMART CITIES
Less than a year,Yes,SUSTAINABILITY,Validation,Non-patentable,B2B2C,Series A,Cutting unit cost of product,5,EDTECH
Less than a year,Yes,SUSTAINABILITY,Conception,Patent Pending,B2B2C,Bootstrap,Link up with eco-system players,4,
1 - 5 years,Yes,FINTECH,Launch,Patent Pending,Business to customers,Seed Funding,Open new stores,2,
Less than a year,No,SUSTAINABILITY,Establishing,Planning to file,B2B2C,Friends & Family,Strategic partnerships with Corporates,1,lifecycle_stage
None,Yes,SOCIAL,Launch,Non-patentable,B2B2C,Friends & Family,Expand to more verticals,2,Ideation
None,No,FINTECH,Ideation,Non-patentable,Consumer to Consumer,Crowd funding,Expand to more verticals,4,Conception
More than 5 years,No,TRANSPORTATION,Ideation,Patent Pending,Business to customers,Crowd funding,Targeting other audienc,2,Committment
More than 5 years,Yes,SOCIAL,Ideation,Patent Granted,Business to customers,Friends & Family,Cutting unit cost of product,0,Validation
More than 5 years,Yes,TRANSPORTATION,Launch,Planning to file,Business to Government,Friends & Family,Open new stores,2,Launch
Less than a year,Yes,TRANSPORTATION,Ideation,Non-patentable,Business to customers,Funding from Govt,Expand to new geographies,3,Scaling
Less than a year,Yes,AGRITECH,Validation,Patent Pending,Business to Government,Won a competiton,Expand to more verticals,2,Establishing
None,No,TRANSPORTATION,Validation,Planning to file,Business to Government,Seed Funding,Open new stores,4,
More than 5 years,Yes,TRANSPORTATION,Launch,No,Consumer to Consumer,Bootstrap,Strategic partnerships with Corporates,1,ip_involved
Less than a year,Yes,AGRITECH,Committment,Non-patentable,Business to business,Won a competiton,Targeting other audienc,4,Patent Granted
Less than a year,No,SOCIAL,Committment,No,Business to customers,Crowd funding,Link up with eco-system players,0,Patent Pending
None,Yes,TRANSPORTATION,Conception,No,Consumer to Consumer,Crowd funding,Link up with eco-system players,3,Planning to file
None,Yes,SOCIAL,Launch,No,Business to customers,Funding from Govt,Expand to new geographies,2,No
None,Yes,EDTECH,Validation,Patent Granted,Business to business,Bootstrap,Link up with eco-system players,1,Non-patentable
None,No,HEALTHTECH,Launch,Planning to file,Business to customers,Series A,Targeting other audienc,1,
1 - 5 years,Yes,FINTECH,Conception,Non-patentable,Consumer to Consumer,Funding from Govt,Link up with eco-system players,2,Nature of startup
More than 5 years,Yes,FINTECH,Ideation,Planning to file,Business to customers,Bootstrap,Strategic partnerships with Corporates,5,Business to business
1 - 5 years,Yes,SMART CITIES,Ideation,No,B2B2C,Won a competiton,Targeting other audienc,4,Business to customers
1 - 5 years,Yes,AGRITECH,Conception,No,Business to business,Series A,Cutting unit cost of product,0,B2B2C
More than 5 years,Yes,FINTECH,Launch,No,Business to customers,Crowd funding,Cutting unit cost of product,5,Business to Government
Less than a year,Yes,AGRITECH,Scaling,Planning to file,B2B2C,Bootstrap,Strategic partnerships with Corporates,4,Consumer to Consumer
None,Yes,SUSTAINABILITY,Validation,Non-patentable,B2B2C,Won a competiton,Link up with eco-system players,0,
None,Yes,HEALTHTECH,Establishing,Patent Granted,Consumer to Consumer,Won a competiton,Strategic partnerships with Corporates,4,
None,No,EDTECH,Validation,Planning to file,Business to customers,Friends & Family,Open new stores,1,funding_source
1 - 5 years,No,HEALTHTECH,Establishing,No,B2B2C,Series A,Expand to more verticals,1,Bootstrap
More than 5 years,Yes,FINTECH,Ideation,Patent Granted,Business to Government,Crowd funding,Cutting unit cost of product,0,Friends & Family
Less than a year,No,SUSTAINABILITY,Ideation,Planning to file,Consumer to Consumer,Won a competiton,Targeting other audienc,3,Seed Funding
More than 5 years,Yes,SUSTAINABILITY,Validation,No,Business to customers,Seed Funding,Link up with eco-system players,3,Series A
More than 5 years,Yes,AGRITECH,Validation,Non-patentable,B2B2C,Bootstrap,Link up with eco-system players,1,Funding from Govt
Less than a year,Yes,SMART CITIES,Scaling,Non-patentable,Consumer to Consumer,Friends & Family,Expand to more verticals,2,Won a competiton
1 - 5 years,No,EDTECH,Committment,No,Business to business,Seed Funding,Open new stores,4,Crowd funding
Less than a year,No,TRANSPORTATION,Validation,No,Business to Government,Bootstrap,Expand to new geographies,4,
1 - 5 years,No,TRANSPORTATION,Ideation,Patent Pending,Consumer to Consumer,Funding from Govt,Expand to new geographies,3,
None,Yes,SOCIAL,Establishing,No,B2B2C,Funding from Govt,Strategic partnerships with Corporates,5,scale_up
None,Yes,HEALTHTECH,Scaling,Patent Granted,B2B2C,Friends & Family,Open new stores,2,Open new stores
None,No,TRANSPORTATION,Launch,Planning to file,Consumer to Consumer,Crowd funding,Expand to new geographies,5,Expand to new geographies
None,Yes,SOCIAL,Establishing,No,B2B2C,Series A,Targeting other audienc,1,Expand to more verticals
1 - 5 years,No,FINTECH,Establishing,Patent Pending,B2B2C,Friends & Family,Strategic partnerships with Corporates,1,Strategic partnerships with Corporates
More than 5 years,No,SUSTAINABILITY,Scaling,Patent Pending,B2B2C,Seed Funding,Cutting unit cost of product,0,Link up with eco-system players
None,Yes,HEALTHTECH,Establishing,Patent Pending,Business to customers,Bootstrap,Targeting other audienc,2,Targeting other audienc
1 - 5 years,Yes,SOCIAL,Ideation,Planning to file,B2B2C,Bootstrap,Open new stores,2,Cutting unit cost of product
1 - 5 years,Yes,TRANSPORTATION,Committment,Planning to file,Business to business,Bootstrap,Link up with eco-system players,4,
More than 5 years,No,SMART CITIES,Validation,No,B2B2C,Friends & Family,Link up with eco-system players,1,
Less than a year,Yes,SOCIAL,Ideation,No,B2B2C,Seed Funding,Targeting other audienc,5,
Less than a year,No,EDTECH,Validation,No,Business to business,Won a competiton,Link up with eco-system players,2,
Less than a year,Yes,HEALTHTECH,Committment,Non-patentable,B2B2C,Won a competiton,Strategic partnerships with Corporates,2,
1 - 5 years,Yes,SUSTAINABILITY,Scaling,Planning to file,Business to Government,Bootstrap,Targeting other audienc,0,
Less than a year,No,HEALTHTECH,Launch,Planning to file,Consumer to Consumer,Series A,Cutting unit cost of product,5,
1 - 5 years,No,FINTECH,Conception,Non-patentable,Consumer to Consumer,Funding from Govt,Targeting other audienc,0,
More than 5 years,No,FINTECH,Committment,Patent Granted,Business to business,Crowd funding,Targeting other audienc,5,
None,No,EDTECH,Conception,Patent Pending,Business to customers,Crowd funding,Strategic partnerships with Corporates,1,
Less than a year,Yes,SOCIAL,Validation,Non-patentable,Business to business,Funding from Govt,Open new stores,2,
More than 5 years,No,SUSTAINABILITY,Validation,Non-patentable,Consumer to Consumer,Series A,Strategic partnerships with Corporates,2,
1 - 5 years,Yes,SUSTAINABILITY,Establishing,Patent Granted,Business to Government,Series A,Targeting other audienc,4,
1 - 5 years,Yes,SOCIAL,Ideation,Patent Pending,Business to Government,Won a competiton,Targeting other audienc,5,
1 - 5 years,No,SUSTAINABILITY,Committment,Non-patentable,Consumer to Consumer,Crowd funding,Open new stores,1,
More than 5 years,Yes,HEALTHTECH,Validation,Planning to file,Business to Government,Funding from Govt,Strategic partnerships with Corporates,2,
More than 5 years,Yes,FINTECH,Conception,Non-patentable,Business to Government,Crowd funding,Targeting other audienc,2,
None,Yes,TRANSPORTATION,Ideation,No,Business to business,Bootstrap,Link up with eco-system players,1,
None,Yes,SUSTAINABILITY,Launch,Patent Granted,Business to Government,Bootstrap,Targeting other audienc,0,
None,No,HEALTHTECH,Committment,Planning to file,Business to business,Series A,Open new stores,4,
Less than a year,No,HEALTHTECH,Scaling,No,Business to business,Series A,Expand to new geographies,5,
None,No,EDTECH,Conception,Non-patentable,Business to customers,Series A,Strategic partnerships with Corporates,2,
1 - 5 years,Yes,TRANSPORTATION,Validation,Patent Granted,Business to Government,Series A,Targeting other audienc,2,
Less than a year,Yes,EDTECH,Conception,Patent Granted,Business to business,Won a competiton,Cutting unit cost of product,5,
More than 5 years,Yes,SMART CITIES,Committment,Patent Pending,Business to Government,Series A,Cutting unit cost of product,5,
1 - 5 years,No,SMART CITIES,Validation,Patent Granted,Business to customers,Funding from Govt,Strategic partnerships with Corporates,5,
More than 5 years,Yes,SUSTAINABILITY,Launch,Patent Pending,Business to customers,Series A,Link up with eco-system players,0,
More than 5 years,Yes,FINTECH,Validation,No,Business to customers,Seed Funding,Expand to more verticals,1,
More than 5 years,No,SMART CITIES,Committment,Patent Granted,Business to business,Crowd funding,Open new stores,2,
None,No,SMART CITIES,Ideation,Planning to file,Business to Government,Seed Funding,Open new stores,3,
Less than a year,Yes,FINTECH,Scaling,Planning to file,B2B2C,Series A,Cutting unit cost of product,0,
1 - 5 years,Yes,SMART CITIES,Validation,Patent Pending,B2B2C,Friends & Family,Open new stores,1,
More than 5 years,No,FINTECH,Validation,Patent Granted,Business to customers,Series A,Link up with eco-system players,0,
Less than a year,No,EDTECH,Scaling,Patent Granted,B2B2C,Bootstrap,Cutting unit cost of product,5,
Less than a year,Yes,SUSTAINABILITY,Validation,Patent Pending,Business to business,Bootstrap,Strategic partnerships with Corporates,3,
None,Yes,AGRITECH,Conception,No,Business to Government,Won a competiton,Targeting other audienc,4,
1 - 5 years,No,SOCIAL,Validation,No,Business to business,Won a competiton,Link up with eco-system players,4,
1 - 5 years,No,EDTECH,Establishing,Patent Granted,Business to Government,Seed Funding,Link up with eco-system players,2,
Less than a year,No,HEALTHTECH,Committment,No,Business to customers,Bootstrap,Link up with eco-system players,2,
Less than a year,Yes,FINTECH,Ideation,Patent Granted,B2B2C,Crowd funding,Open new stores,0,
1 - 5 years,Yes,EDTECH,Ideation,No,Business to customers,Won a competiton,Link up with eco-system players,3,
None,No,SMART CITIES,Ideation,No,Consumer to Consumer,Crowd funding,Open new stores,3,
Less than a year,Yes,AGRITECH,Establishing,No,Business to customers,Friends & Family,Expand to new geographies,0,
More than 5 years,Yes,SMART CITIES,Scaling,No,Consumer to Consumer,Won a competiton,Targeting other audienc,3,
Less than a year,No,HEALTHTECH,Launch,Non-patentable,Business to customers,Seed Funding,Expand to more verticals,1,
More than 5 years,Yes,SUSTAINABILITY,Committment,Patent Pending,Business to Government,Seed Funding,Strategic partnerships with Corporates,1,
None,No,TRANSPORTATION,Validation,No,Consumer to Consumer,Seed Funding,Link up with eco-system players,0,
More than 5 years,Yes,FINTECH,Conception,Planning to file,Business to business,Bootstrap,Open new stores,0,
Less than a year,No,EDTECH,Scaling,Planning to file,Business to customers,Seed Funding,Link up with eco-system players,1,
1 - 5 years,No,SMART CITIES,Validation,Non-patentable,Business to Government,Seed Funding,Link up with eco-system players,0,
Less than a year,Yes,TRANSPORTATION,Establishing,No,Business to Government,Crowd funding,Open new stores,2,
1 - 5 years,Yes,SUSTAINABILITY,Committment,Patent Granted,B2B2C,Crowd funding,Cutting unit cost of product,1,
More than 5 years,No,FINTECH,Conception,Planning to file,Business to Government,Bootstrap,Expand to more verticals,4,
1 - 5 years,Yes,TRANSPORTATION,Establishing,Patent Pending,Consumer to Consumer,Series A,Open new stores,4,
More than 5 years,No,SOCIAL,Launch,Patent Pending,Business to customers,Funding from Govt,Strategic partnerships with Corporates,4,
Less than a year,Yes,FINTECH,Validation,Patent Granted,Consumer to Consumer,Crowd funding,Cutting unit cost of product,5,
More than 5 years,No,HEALTHTECH,Ideation,No,Consumer to Consumer,Crowd funding,Link up with eco-system players,3,
1 - 5 years,Yes,SOCIAL,Scaling,Patent Granted,Business to business,Won a competiton,Targeting other audienc,0,
None,Yes,SMART CITIES,Validation,No,Business to customers,Bootstrap,Strategic partnerships with Corporates,2,
Less than a year,No,HEALTHTECH,Establishing,Non-patentable,Consumer to Consumer,Seed Funding,Open new stores,2,
Less than a year,Yes,SMART CITIES,Ideation,Non-patentable,Consumer to Consumer,Friends & Family,Targeting other audienc,1,
1 - 5 years,No,TRANSPORTATION,Committment,Non-patentable,Business to customers,Series A,Link up with eco-system players,4,
1 - 5 years,Yes,HEALTHTECH,Validation,No,Business to Government,Crowd funding,Targeting other audienc,3,
None,Yes,SMART CITIES,Validation,Planning to file,Business to business,Crowd funding,Strategic partnerships with Corporates,5,
More than 5 years,Yes,TRANSPORTATION,Conception,Non-patentable,Consumer to Consumer,Won a competiton,Open new stores,3,
Less than a year,No,HEALTHTECH,Launch,No,Consumer to Consumer,Series A,Open new stores,5,
Less than a year,Yes,EDTECH,Committment,Patent Granted,Consumer to Consumer,Series A,Open new stores,2,
Less than a year,No,HEALTHTECH,Committment,Non-patentable,Business to customers,Crowd funding,Link up with eco-system players,1,
Less than a year,No,SUSTAINABILITY,Launch,No,Business to business,Crowd funding,Link up with eco-system players,2,
None,No,HEALTHTECH,Establishing,Patent Granted,Business to customers,Crowd funding,Link up with eco-system players,3,
Less than a year,No,TRANSPORTATION,Establishing,Patent Granted,B2B2C,Friends & Family,Expand to new geographies,2,
More than 5 years,No,EDTECH,Scaling,No,Business to customers,Bootstrap,Cutting unit cost of product,4,
1 - 5 years,No,AGRITECH,Validation,Patent Granted,Business to Government,Crowd funding,Expand to new geographies,4,
Less than a year,Yes,HEALTHTECH,Launch,No,Business to Government,Won a competiton,Targeting other audienc,1,
Less than a year,Yes,AGRITECH,Launch,Planning to file,Consumer to Consumer,Seed Funding,Open new stores,1,
Less than a year,Yes,FINTECH,Ideation,Patent Granted,Consumer to Consumer,Funding from Govt,Expand to new geographies,3,
Less than a year,No,FINTECH,Establishing,Patent Pending,Business to customers,Won a competiton,Expand to more verticals,1,
More than 5 years,Yes,FINTECH,Scaling,No,Consumer to Consumer,Won a competiton,Link up with eco-system players,1,
None,No,SOCIAL,Committment,Patent Pending,Business to business,Funding from Govt,Cutting unit cost of product,2,
1 - 5 years,No,SUSTAINABILITY,Ideation,No,Business to customers,Seed Funding,Cutting unit cost of product,0,
None,Yes,FINTECH,Conception,Non-patentable,Business to Government,Series A,Expand to new geographies,1,
1 - 5 years,No,EDTECH,Ideation,Non-patentable,Business to business,Friends & Family,Expand to more verticals,2,
More than 5 years,No,EDTECH,Conception,Planning to file,Business to business,Series A,Link up with eco-system players,1,
None,No,SUSTAINABILITY,Committment,Non-patentable,Business to Government,Won a competiton,Cutting unit cost of product,3,
Less than a year,No,AGRITECH,Validation,Non-patentable,Business to Government,Bootstrap,Strategic partnerships with Corporates,2,
1 - 5 years,Yes,SUSTAINABILITY,Conception,Non-patentable,B2B2C,Seed Funding,Expand to more verticals,4,
1 - 5 years,Yes,SUSTAINABILITY,Ideation,Planning to file,B2B2C,Funding from Govt,Expand to more verticals,4,
More than 5 years,Yes,EDTECH,Committment,Planning to file,Business to customers,Friends & Family,Open new stores,4,
1 - 5 years,Yes,FINTECH,Conception,No,Business to business,Friends & Family,Link up with eco-system players,4,
1 - 5 years,Yes,SMART CITIES,Validation,Non-patentable,Business to customers,Friends & Family,Expand to new geographies,1,
Less than a year,No,TRANSPORTATION,Validation,Patent Pending,B2B2C,Funding from Govt,Cutting unit cost of product,4,
1 - 5 years,Yes,EDTECH,Launch,No,Business to customers,Funding from Govt,Targeting other audienc,0,
None,Yes,FINTECH,Establishing,No,Business to business,Friends & Family,Open new stores,2,
Less than a year,Yes,SUSTAINABILITY,Scaling,No,Business to customers,Friends & Family,Targeting other audienc,4,
None,Yes,SMART CITIES,Ideation,No,Consumer to Consumer,Funding from Govt,Open new stores,4,
More than 5 years,Yes,SMART CITIES,Launch,No,Business to business,Won a competiton,Link up with eco-system players,5,
More than 5 years,No,FINTECH,Scaling,No,Consumer to Consumer,Funding from Govt,Expand to new geographies,1,
Less than a year,Yes,SOCIAL,Ideation,Patent Granted,Consumer to Consumer,Friends & Family,Expand to new geographies,1,
None,Yes,SMART CITIES,Ideation,No,Consumer to Consumer,Crowd funding,Cutting unit cost of product,4,
None,Yes,SMART CITIES,Conception,Non-patentable,Business to Government,Seed Funding,Strategic partnerships with Corporates,3,
1 - 5 years,Yes,TRANSPORTATION,Launch,Non-patentable,Business to business,Seed Funding,Targeting other audienc,1,
More than 5 years,No,HEALTHTECH,Conception,Patent Granted,B2B2C,Won a competiton,Open new stores,5,
1 - 5 years,Yes,EDTECH,Launch,Planning to file,Business to business,Seed Funding,Expand to more verticals,1,
Less than a year,No,SUSTAINABILITY,Conception,No,Business to Government,Funding from Govt,Targeting other audienc,3,
More than 5 years,No,SOCIAL,Scaling,Non-patentable,B2B2C,Series A,Expand to new geographies,5,
1 - 5 years,Yes,EDTECH,Scaling,Patent Granted,B2B2C,Crowd funding,Open new stores,5,
Less than a year,Yes,EDTECH,Establishing,Planning to file,Business to business,Bootstrap,Expand to new geographies,4,
Less than a year,Yes,AGRITECH,Committment,Patent Granted,Consumer to Consumer,Crowd funding,Expand to new geographies,0,
More than 5 years,Yes,HEALTHTECH,Launch,Planning to file,B2B2C,Won a competiton,Targeting other audienc,2,
None,Yes,SUSTAINABILITY,Committment,Planning to file,Business to business,Crowd funding,Expand to more verticals,1,
None,Yes,EDTECH,Ideation,Patent Pending,Consumer to Consumer,Friends & Family,Targeting other audienc,5,
1 - 5 years,Yes,SMART CITIES,Committment,Non-patentable,Business to Government,Seed Funding,Expand to new geographies,2,
1 - 5 years,No,HEALTHTECH,Conception,Planning to file,Consumer to Consumer,Won a competiton,Strategic partnerships with Corporates,5,
Less than a year,Yes,SOCIAL,Scaling,Planning to file,Consumer to Consumer,Friends & Family,Link up with eco-system players,5,
None,No,SUSTAINABILITY,Validation,Planning to file,Business to Government,Won a competiton,Link up with eco-system players,1,
None,No,EDTECH,Establishing,Patent Granted,Business to business,Bootstrap,Cutting unit cost of product,4,
Less than a year,Yes,SUSTAINABILITY,Establishing,Non-patentable,Business to Government,Bootstrap,Link up with eco-system players,2,
More than 5 years,Yes,AGRITECH,Scaling,Patent Granted,Business to business,Series A,Open new stores,5,
None,No,SUSTAINABILITY,Scaling,No,Consumer to Consumer,Won a competiton,Expand to more verticals,1,
More than 5 years,No,SUSTAINABILITY,Committment,No,Business to customers,Bootstrap,Expand to more verticals,3,
1 - 5 years,No,SMART CITIES,Validation,Patent Pending,Consumer to Consumer,Bootstrap,Cutting unit cost of product,0,
More than 5 years,Yes,FINTECH,Establishing,Non-patentable,Consumer to Consumer,Won a competiton,Strategic partnerships with Corporates,5,
1 - 5 years,No,TRANSPORTATION,Conception,Non-patentable,B2B2C,Seed Funding,Cutting unit cost of product,1,
Less than a year,Yes,SOCIAL,Validation,Patent Pending,Business to customers,Crowd funding,Link up with eco-system players,5,
More than 5 years,No,FINTECH,Scaling,Planning to file,Business to customers,Series A,Open new stores,4,
More than 5 years,No,EDTECH,Validation,Patent Granted,Consumer to Consumer,Crowd funding,Link up with eco-system players,5,
1 - 5 years,No,HEALTHTECH,Launch,Planning to file,Business to customers,Funding from Govt,Cutting unit cost of product,2,
1 - 5 years,Yes,SMART CITIES,Scaling,Non-patentable,Business to business,Won a competiton,Cutting unit cost of product,2,
1 - 5 years,Yes,SOCIAL,Launch,Non-patentable,B2B2C,Won a competiton,Expand to new geographies,4,
Less than a year,Yes,AGRITECH,Launch,Patent Granted,Consumer to Consumer,Won a competiton,Cutting unit cost of product,5,
1 - 5 years,Yes,AGRITECH,Committment,Planning to file,Business to customers,Series A,Targeting other audienc,3,
More than 5 years,Yes,FINTECH,Conception,Non-patentable,Business to business,Won a competiton,Cutting unit cost of product,4,
More than 5 years,Yes,AGRITECH,Ideation,No,Business to business,Won a competiton,Open new stores,4,
None,Yes,AGRITECH,Scaling,No,Business to Government,Friends & Family,Targeting other audienc,5,
None,Yes,SMART CITIES,Scaling,No,Business to Government,Won a competiton,Strategic partnerships with Corporates,3,
1 - 5 years,No,SOCIAL,Validation,Patent Granted,Business to Government,Bootstrap,Cutting unit cost of product,5,
None,Yes,SUSTAINABILITY,Committment,Non-patentable,Business to business,Funding from Govt,Link up with eco-system players,4,
1 - 5 years,Yes,TRANSPORTATION,Scaling,Patent Pending,Business to Government,Friends & Family,Targeting other audienc,1,
1 - 5 years,No,HEALTHTECH,Establishing,Patent Pending,Business to customers,Won a competiton,Cutting unit cost of product,2,
None,No,EDTECH,Validation,Planning to file,Consumer to Consumer,Seed Funding,Strategic partnerships with Corporates,0,
None,No,SOCIAL,Validation,No,Consumer to Consumer,Series A,Strategic partnerships with Corporates,4,
More than 5 years,Yes,TRANSPORTATION,Conception,Patent Pending,Consumer to Consumer,Bootstrap,Expand to new geographies,5,
1 - 5 years,No,SOCIAL,Conception,Planning to file,Business to customers,Funding from Govt,Link up with eco-system players,4,
Less than a year,Yes,FINTECH,Scaling,Patent Pending,B2B2C,Series A,Expand to new geographies,3,
None,Yes,AGRITECH,Validation,Patent Pending,Business to customers,Series A,Expand to more verticals,0,
More than 5 years,Yes,EDTECH,Validation,Planning to file,Business to business,Seed Funding,Targeting other audienc,1,
Less than a year,Yes,AGRITECH,Scaling,Non-patentable,Business to Government,Won a competiton,Targeting other audienc,0,
Less than a year,Yes,FINTECH,Establishing,Patent Granted,Business to customers,Crowd funding,Link up with eco-system players,1,
None,Yes,SUSTAINABILITY,Launch,Patent Granted,Business to business,Crowd funding,Cutting unit cost of product,3,
None,Yes,SOCIAL,Scaling,Non-patentable,Business to Government,Crowd funding,Cutting unit cost of product,2,
None,Yes,SMART CITIES,Conception,Patent Pending,Business to customers,Crowd funding,Open new stores,3,
None,Yes,HEALTHTECH,Launch,No,B2B2C,Friends & Family,Expand to new geographies,1,
None,No,EDTECH,Scaling,Planning to file,Business to Government,Friends & Family,Targeting other audienc,5,
1 - 5 years,No,SUSTAINABILITY,Establishing,Patent Granted,Business to Government,Funding from Govt,Open new stores,1,
None,Yes,FINTECH,Committment,Planning to file,Business to customers,Series A,Targeting other audienc,5,
None,No,EDTECH,Scaling,No,B2B2C,Crowd funding,Link up with eco-system players,5,
More than 5 years,No,AGRITECH,Scaling,Patent Granted,Business to customers,Won a competiton,Strategic partnerships with Corporates,1,
None,No,AGRITECH,Scaling,Planning to file,Business to Government,Series A,Targeting other audienc,5,
More than 5 years,No,EDTECH,Launch,Patent Pending,Business to customers,Series A,Strategic partnerships with Corporates,3,
None,Yes,FINTECH,Ideation,Planning to file,Business to customers,Won a competiton,Expand to new geographies,3,
None,No,FINTECH,Validation,Patent Granted,Business to business,Friends & Family,Targeting other audienc,5,
More than 5 years,No,FINTECH,Validation,Non-patentable,B2B2C,Bootstrap,Expand to new geographies,3,
Less than a year,Yes,SOCIAL,Committment,Patent Granted,Business to Government,Funding from Govt,Strategic partnerships with Corporates,1,
Less than a year,Yes,EDTECH,Conception,No,Business to business,Bootstrap,Cutting unit cost of product,4,
More than 5 years,Yes,SUSTAINABILITY,Validation,Non-patentable,Business to customers,Funding from Govt,Expand to new geographies,5,
More than 5 years,Yes,AGRITECH,Establishing,No,B2B2C,Friends & Family,Open new stores,1,
1 - 5 years,Yes,FINTECH,Conception,Patent Pending,Business to Government,Friends & Family,Link up with eco-system players,2,
Less than a year,Yes,SUSTAINABILITY,Validation,Planning to file,Business to customers,Crowd funding,Targeting other audienc,3,
None,No,SUSTAINABILITY,Committment,Planning to file,Business to Government,Won a competiton,Open new stores,0,
1 - 5 years,No,EDTECH,Conception,No,B2B2C,Seed Funding,Open new stores,4,
More than 5 years,Yes,EDTECH,Committment,No,Consumer to Consumer,Bootstrap,Cutting unit cost of product,4,
Less than a year,No,SUSTAINABILITY,Scaling,Planning to file,Business to business,Bootstrap,Cutting unit cost of product,1,
1 - 5 years,Yes,FINTECH,Scaling,Patent Granted,Business to Government,Crowd funding,Strategic partnerships with Corporates,0,
Less than a year,No,EDTECH,Ideation,Planning to file,Business to customers,Seed Funding,Targeting other audienc,1,
Less than a year,No,SOCIAL,Conception,Planning to file,B2B2C,Seed Funding,Targeting other audienc,3,
1 - 5 years,No,EDTECH,Scaling,No,Business to Government,Seed Funding,Expand to more verticals,1,
1 - 5 years,Yes,SMART CITIES,Validation,Patent Pending,Business to customers,Seed Funding,Strategic partnerships with Corporates,0,
None,No,EDTECH,Validation,Patent Granted,Business to customers,Seed Funding,Open new stores,2,
None,No,EDTECH,Launch,No,Business to business,Funding from Govt,Strategic partnerships with Corporates,5,
Less than a year,Yes,SOCIAL,Establishing,Non-patentable,B2B2C,Series A,Link up with eco-system players,0,
1 - 5 years,No,SMART CITIES,Launch,Patent Pending,Business to Government,Seed Funding,Cutting unit cost of product,4,
Less than a year,No,EDTECH,Conception,No,Business to customers,Won a competiton,Open new stores,4,
None,No,SOCIAL,Launch,Planning to file,Business to customers,Funding from Govt,Expand to more verticals,0,
None,Yes,SMART CITIES,Scaling,Planning to file,Business to customers,Series A,Strategic partnerships with Corporates,2,
None,No,SOCIAL,Scaling,Patent Granted,Consumer to Consumer,Won a competiton,Targeting other audienc,2,
1 - 5 years,Yes,TRANSPORTATION,Committment,Planning to file,Business to customers,Funding from Govt,Targeting other audienc,3,
1 - 5 years,No,SOCIAL,Launch,Non-patentable,Business to Government,Series A,Cutting unit cost of product,2,
More than 5 years,Yes,AGRITECH,Conception,Patent Granted,Business to Government,Won a competiton,Open new stores,0,
None,Yes,SOCIAL,Validation,No,Business to business,Seed Funding,Expand to more verticals,3,
More than 5 years,Yes,SUSTAINABILITY,Scaling,No,Business to Government,Crowd funding,Targeting other audienc,1,
Less than a year,Yes,EDTECH,Launch,Patent Granted,Business to Government,Funding from Govt,Open new stores,5,
Less than a year,No,SOCIAL,Ideation,No,B2B2C,Won a competiton,Expand to new geographies,3,
None,Yes,EDTECH,Scaling,Non-patentable,Business to Government,Crowd funding,Expand to more verticals,2,
More than 5 years,No,SUSTAINABILITY,Committment,No,Business to customers,Series A,Strategic partnerships with Corporates,0,
1 - 5 years,Yes,SUSTAINABILITY,Launch,Non-patentable,Consumer to Consumer,Bootstrap,Expand to new geographies,0,
More than 5 years,Yes,FINTECH,Validation,Patent Granted,Business to business,Won a competiton,Expand to new geographies,1,
More than 5 years,No,TRANSPORTATION,Establishing,Patent Granted,Consumer to Consumer,Bootstrap,Strategic partnerships with Corporates,2,
Less than a year,No,SMART CITIES,Ideation,No,Business to customers,Seed Funding,Expand to more verticals,0,
More than 5 years,Yes,FINTECH,Conception,No,Business to business,Bootstrap,Open new stores,5,
Less than a year,No,SMART CITIES,Ideation,Patent Pending,Business to business,Seed Funding,Expand to new geographies,5,
1 - 5 years,Yes,AGRITECH,Committment,Non-patentable,Consumer to Consumer,Series A,Strategic partnerships with Corporates,4,
None,Yes,SOCIAL,Committment,Patent Granted,Business to Government,Funding from Govt,Open new stores,5,
1 - 5 years,No,TRANSPORTATION,Validation,Patent Pending,Consumer to Consumer,Funding from Govt,Expand to new geographies,5,
1 - 5 years,No,HEALTHTECH,Conception,Patent Pending,Business to business,Won a competiton,Cutting unit cost of product,1,
Less than a year,Yes,FINTECH,Ideation,Planning to file,Business to customers,Friends & Family,Cutting unit cost of product,4,
More than 5 years,No,HEALTHTECH,Conception,Patent Granted,Business to customers,Crowd funding,Link up with eco-system players,4,
More than 5 years,Yes,TRANSPORTATION,Committment,Planning to file,Consumer to Consumer,Series A,Cutting unit cost of product,0,
None,No,SUSTAINABILITY,Establishing,Non-patentable,B2B2C,Won a competiton,Targeting other audienc,1,
1 - 5 years,Yes,SOCIAL,Scaling,Non-patentable,B2B2C,Friends & Family,Link up with eco-system players,5,
More than 5 years,No,AGRITECH,Launch,No,Consumer to Consumer,Crowd funding,Expand to more verticals,0,
More than 5 years,Yes,SMART CITIES,Ideation,Patent Granted,Business to customers,Funding from Govt,Expand to new geographies,0,
More than 5 years,No,TRANSPORTATION,Scaling,Non-patentable,Business to customers,Won a competiton,Targeting other audienc,4,
1 - 5 years,No,EDTECH,Scaling,No,Business to customers,Seed Funding,Cutting unit cost of product,2,
None,Yes,SMART CITIES,Validation,Patent Granted,Business to customers,Crowd funding,Expand to more verticals,4,
1 - 5 years,No,SMART CITIES,Ideation,Patent Pending,Business to Government,Friends & Family,Link up with eco-system players,3,
1 - 5 years,No,EDTECH,Ideation,Patent Pending,Business to business,Crowd funding,Strategic partnerships with Corporates,0,
Less than a year,No,AGRITECH,Conception,Planning to file,Business to business,Bootstrap,Targeting other audienc,1,
None,Yes,HEALTHTECH,Establishing,No,Business to customers,Won a competiton,Expand to new geographies,3,
More than 5 years,No,AGRITECH,Scaling,Patent Granted,Business to business,Seed Funding,Link up with eco-system players,1,
Less than a year,No,FINTECH,Establishing,Planning to file,Business to business,Won a competiton,Link up with eco-system players,2,
None,No,FINTECH,Scaling,Patent Pending,Business to customers,Series A,Link up with eco-system players,3,
None,Yes,HEALTHTECH,Scaling,Patent Granted,Consumer to Consumer,Series A,Strategic partnerships with Corporates,3,
Less than a year,No,HEALTHTECH,Scaling,No,Business to Government,Funding from Govt,Expand to new geographies,3,
1 - 5 years,Yes,SUSTAINABILITY,Conception,No,Consumer to Consumer,Crowd funding,Strategic partnerships with Corporates,1,
More than 5 years,Yes,TRANSPORTATION,Validation,Planning to file,B2B2C,Funding from Govt,Open new stores,3,
More than 5 years,No,TRANSPORTATION,Launch,Patent Granted,Consumer to Consumer,Seed Funding,Open new stores,5,
More than 5 years,Yes,FINTECH,Scaling,Patent Pending,Business to business,Crowd funding,Link up with eco-system players,0,
None,Yes,SOCIAL,Scaling,Planning to file,Business to Government,Crowd funding,Cutting unit cost of product,0,
More than 5 years,Yes,HEALTHTECH,Ideation,Non-patentable,Business to Government,Won a competiton,Cutting unit cost of product,2,
More than 5 years,No,AGRITECH,Validation,Non-patentable,Business to Government,Seed Funding,Open new stores,3,
None,No,SOCIAL,Establishing,Patent Granted,Business to Government,Crowd funding,Expand to new geographies,2,
Less than a year,Yes,EDTECH,Launch,Patent Pending,Business to customers,Seed Funding,Targeting other audienc,4,
Less than a year,No,SUSTAINABILITY,Ideation,Planning to file,Business to business,Won a competiton,Link up with eco-system players,2,
None,No,SOCIAL,Establishing,Non-patentable,B2B2C,Bootstrap,Expand to new geographies,3,
None,No,FINTECH,Committment,No,Business to customers,Crowd funding,Targeting other audienc,2,
None,No,FINTECH,Conception,No,Business to Government,Won a competiton,Expand to new geographies,4,
Less than a year,No,HEALTHTECH,Ideation,No,Business to business,Crowd funding,Expand to new geographies,0,
None,Yes,EDTECH,Committment,No,B2B2C,Friends & Family,Link up with eco-system players,1,
More than 5 years,No,EDTECH,Launch,Planning to file,B2B2C,Series A,Link up with eco-system players,1,
1 - 5 years,No,FINTECH,Establishing,No,Business to business,Bootstrap,Targeting other audienc,0,
Less than a year,No,FINTECH,Establishing,No,B2B2C,Won a competiton,Strategic partnerships with Corporates,0,
1 - 5 years,Yes,AGRITECH,Committment,Patent Pending,Business to Government,Crowd funding,Strategic partnerships with Corporates,4,
More than 5 years,No,SOCIAL,Committment,Patent Pending,Consumer to Consumer,Won a competiton,Expand to more verticals,5,
None,Yes,FINTECH,Scaling,Planning to file,B2B2C,Crowd funding,Expand to new geographies,3,
1 - 5 years,Yes,TRANSPORTATION,Committment,Patent Granted,Business to Government,Crowd funding,Targeting other audienc,0,
Less than a year,No,SOCIAL,Scaling,No,Business to business,Friends & Family,Expand to new geographies,4,
More than 5 years,Yes,SMART CITIES,Conception,Patent Pending,Business to business,Won a competiton,Expand to new geographies,2,
Less than a year,Yes,EDTECH,Establishing,Planning to file,Business to customers,Crowd funding,Strategic partnerships with Corporates,2,
None,No,HEALTHTECH,Conception,Planning to file,Consumer to Consumer,Series A,Link up with eco-system players,1,
More than 5 years,No,FINTECH,Conception,Patent Granted,Business to customers,Bootstrap,Expand to new geographies,2,
Less than a year,No,SMART CITIES,Committment,No,Business to Government,Friends & Family,Open new stores,0,
1 - 5 years,No,AGRITECH,Committment,No,Business to customers,Bootstrap,Cutting unit cost of product,2,
More than 5 years,Yes,FINTECH,Establishing,Non-patentable,Business to Government,Bootstrap,Link up with eco-system players,2,
None,No,TRANSPORTATION,Scaling,No,Consumer to Consumer,Won a competiton,Link up with eco-system players,4,
None,Yes,TRANSPORTATION,Scaling,No,B2B2C,Funding from Govt,Expand to more verticals,1,
Less than a year,Yes,AGRITECH,Committment,Patent Pending,Business to business,Friends & Family,Expand to new geographies,0,
None,No,TRANSPORTATION,Committment,Non-patentable,Business to customers,Series A,Expand to more verticals,1,
Less than a year,Yes,SUSTAINABILITY,Scaling,Non-patentable,B2B2C,Funding from Govt,Expand to more verticals,2,
Less than a year,No,SOCIAL,Establishing,Patent Granted,Business to Government,Crowd funding,Targeting other audienc,5,
Less than a year,Yes,HEALTHTECH,Establishing,Patent Granted,Business to business,Seed Funding,Expand to more verticals,2,
Less than a year,No,SOCIAL,Conception,Non-patentable,Business to Government,Crowd funding,Cutting unit cost of product,2,
Less than a year,No,EDTECH,Validation,Non-patentable,B2B2C,Friends & Family,Cutting unit cost of product,0,
1 - 5 years,Yes,SMART CITIES,Scaling,No,Business to Government,Funding from Govt,Strategic partnerships with Corporates,4,
None,Yes,SUSTAINABILITY,Validation,Non-patentable,Consumer to Consumer,Friends & Family,Link up with eco-system players,5,
Less than a year,Yes,SUSTAINABILITY,Establishing,Patent Granted,Consumer to Consumer,Funding from Govt,Link up with eco-system players,4,
1 - 5 years,No,SMART CITIES,Launch,Planning to file,Business to business,Seed Funding,Expand to more verticals,1,
1 - 5 years,Yes,SMART CITIES,Committment,No,Business to customers,Series A,Link up with eco-system players,1,
None,Yes,SMART CITIES,Validation,Patent Pending,Business to Government,Friends & Family,Expand to new geographies,3,
More than 5 years,No,SOCIAL,Validation,Patent Pending,B2B2C,Series A,Strategic partnerships with Corporates,0,
Less than a year,Yes,SUSTAINABILITY,Establishing,Planning to file,Business to customers,Seed Funding,Expand to new geographies,1,
1 - 5 years,Yes,HEALTHTECH,Ideation,Non-patentable,Business to Government,Friends & Family,Open new stores,0,
More than 5 years,Yes,HEALTHTECH,Validation,Non-patentable,Business to customers,Seed Funding,Cutting unit cost of product,4,
1 - 5 years,Yes,EDTECH,Ideation,Non-patentable,B2B2C,Crowd funding,Cutting unit cost of product,3,
1 - 5 years,Yes,HEALTHTECH,Scaling,Non-patentable,B2B2C,Bootstrap,Expand to more verticals,4,
1 - 5 years,No,EDTECH,Committment,Patent Pending,Business to Government,Series A,Strategic partnerships with Corporates,2,
1 - 5 years,No,TRANSPORTATION,Scaling,Patent Granted,B2B2C,Bootstrap,Expand to new geographies,4,
More than 5 years,Yes,SOCIAL,Validation,No,Business to Government,Series A,Targeting other audienc,1,
Less than a year,No,FINTECH,Committment,Planning to file,Business to business,Seed Funding,Targeting other audienc,4,
Less than a year,Yes,TRANSPORTATION,Launch,No,B2B2C,Seed Funding,Open new stores,5,
Less than a year,Yes,SMART CITIES,Establishing,Planning to file,Business to Government,Friends & Family,Targeting other audienc,3,
Less than a year,Yes,EDTECH,Committment,Patent Granted,Business to business,Bootstrap,Targeting other audienc,3,
None,Yes,SOCIAL,Validation,Patent Granted,B2B2C,Friends & Family,Expand to new geographies,1,
None,No,EDTECH,Scaling,Planning to file,Business to business,Funding from Govt,Strategic partnerships with Corporates,4,
1 - 5 years,No,FINTECH,Ideation,Planning to file,Consumer to Consumer,Bootstrap,Cutting unit cost of product,0,
None,No,AGRITECH,Launch,Non-patentable,Consumer to Consumer,Won a competiton,Link up with eco-system players,3,
Less than a year,Yes,TRANSPORTATION,Ideation,Planning to file,Consumer to Consumer,Friends & Family,Cutting unit cost of product,1,
None,Yes,SOCIAL,Committment,Patent Pending,Business to Government,Bootstrap,Cutting unit cost of product,0,
1 - 5 years,Yes,EDTECH,Validation,Planning to file,Business to customers,Crowd funding,Open new stores,4,
More than 5 years,No,SOCIAL,Validation,Patent Granted,Business to Government,Won a competiton,Expand to new geographies,3,
Less than a year,No,SUSTAINABILITY,Conception,No,Consumer to Consumer,Funding from Govt,Link up with eco-system players,2,
1 - 5 years,No,EDTECH,Ideation,Patent Pending,Business to customers,Series A,Strategic partnerships with Corporates,2,
None,No,SOCIAL,Committment,No,Business to Government,Series A,Open new stores,1,
None,No,SOCIAL,Ideation,Patent Pending,Business to customers,Crowd funding,Targeting other audienc,2,
Less than a year,Yes,SUSTAINABILITY,Establishing,No,Business to Government,Friends & Family,Strategic partnerships with Corporates,3,
Less than a year,No,AGRITECH,Ideation,Patent Granted,B2B2C,Series A,Expand to new geographies,5,
None,No,TRANSPORTATION,Ideation,Planning to file,Business to customers,Seed Funding,Open new stores,5,
Less than a year,Yes,HEALTHTECH,Validation,Patent Pending,Business to customers,Friends & Family,Cutting unit cost of product,0,
1 - 5 years,Yes,SUSTAINABILITY,Conception,Planning to file,Business to customers,Won a competiton,Expand to more verticals,4,
None,No,EDTECH,Scaling,Patent Pending,Business to Government,Crowd funding,Expand to more verticals,0,
More than 5 years,Yes,FINTECH,Committment,Patent Pending,Business to customers,Friends & Family,Open new stores,2,
Less than a year,Yes,SUSTAINABILITY,Scaling,Non-patentable,Consumer to Consumer,Funding from Govt,Open new stores,2,
None,Yes,AGRITECH,Conception,Patent Pending,Business to customers,Bootstrap,Expand to new geographies,5,
More than 5 years,Yes,EDTECH,Launch,No,B2B2C,Series A,Expand to more verticals,4,
1 - 5 years,Yes,EDTECH,Committment,No,Business to business,Won a competiton,Targeting other audienc,2,
1 - 5 years,No,EDTECH,Launch,Planning to file,Business to Government,Crowd funding,Cutting unit cost of product,2,
More than 5 years,Yes,SUSTAINABILITY,Establishing,Patent Granted,Business to business,Series A,Targeting other audienc,1,
More than 5 years,No,TRANSPORTATION,Launch,Patent Granted,Consumer to Consumer,Bootstrap,Link up with eco-system players,2,
Less than a year,Yes,SUSTAINABILITY,Committment,Planning to file,Business to Government,Funding from Govt,Cutting unit cost of product,5,
None,No,AGRITECH,Scaling,No,Business to Government,Seed Funding,Link up with eco-system players,4,
1 - 5 years,Yes,FINTECH,Ideation,No,Business to business,Series A,Strategic partnerships with Corporates,0,
1 - 5 years,Yes,FINTECH,Conception,Patent Pending,Business to customers,Won a competiton,Cutting unit cost of product,2,
1 - 5 years,No,SOCIAL,Ideation,Patent Granted,Business to Government,Crowd funding,Targeting other audienc,3,
None,Yes,SUSTAINABILITY,Ideation,Patent Granted,Business to customers,Crowd funding,Expand to more verticals,3,
Less than a year,Yes,SOCIAL,Ideation,Planning to file,B2B2C,Bootstrap,Cutting unit cost of product,2,
Less than a year,Yes,HEALTHTECH,Establishing,Patent Granted,Business to customers,Funding from Govt,Cutting unit cost of product,3,
More than 5 years,No,FINTECH,Scaling,Non-patentable,Business to customers,Bootstrap,Open new stores,1,
1 - 5 years,Yes,AGRITECH,Ideation,Patent Granted,Business to Government,Funding from Govt,Cutting unit cost of product,5,
1 - 5 years,Yes,AGRITECH,Establishing,Non-patentable,Business to Government,Friends & Family,Strategic partnerships with Corporates,0,
1 - 5 years,Yes,TRANSPORTATION,Validation,No,Business to customers,Won a competiton,Targeting other audienc,4,
More than 5 years,No,SOCIAL,Launch,Planning to file,Business to Government,Friends & Family,Open new stores,1,
1 - 5 years,Yes,EDTECH,Establishing,No,Business to Government,Funding from Govt,Open new stores,1,
1 - 5 years,No,HEALTHTECH,Validation,No,Business to customers,Won a competiton,Expand to more verticals,0,
None,No,SUSTAINABILITY,Establishing,No,Business to business,Crowd funding,Targeting other audienc,5,
None,No,SMART CITIES,Validation,Non-patentable,Consumer to Consumer,Bootstrap,Strategic partnerships with Corporates,5,
1 - 5 years,Yes,SOCIAL,Conception,No,Consumer to Consumer,Crowd funding,Link up with eco-system players,0,
None,Yes,FINTECH,Validation,Patent Pending,Consumer to Consumer,Seed Funding,Strategic partnerships with Corporates,0,
Less than a year,No,EDTECH,Ideation,Patent Pending,Business to business,Series A,Expand to more verticals,4,
None,Yes,TRANSPORTATION,Ideation,Patent Pending,Business to Government,Funding from Govt,Targeting other audienc,2,
None,No,HEALTHTECH,Scaling,No,Business to Government,Won a competiton,Link up with eco-system players,5,
Less than a year,No,AGRITECH,Committment,Non-patentable,B2B2C,Seed Funding,Cutting unit cost of product,0,
None,Yes,AGRITECH,Validation,No,Business to Government,Seed Funding,Strategic partnerships with Corporates,5,
1 - 5 years,Yes,FINTECH,Ideation,Non-patentable,Business to business,Friends & Family,Strategic partnerships with Corporates,5,
More than 5 years,No,FINTECH,Scaling,No,Business to business,Seed Funding,Strategic partnerships with Corporates,2,
1 - 5 years,Yes,FINTECH,Launch,Non-patentable,Consumer to Consumer,Friends & Family,Strategic partnerships with Corporates,3,
Less than a year,Yes,EDTECH,Conception,Patent Granted,Business to Government,Won a competiton,Expand to more verticals,2,
More than 5 years,Yes,FINTECH,Establishing,Patent Pending,Consumer to Consumer,Bootstrap,Strategic partnerships with Corporates,0,
Less than a year,No,SOCIAL,Establishing,Patent Granted,B2B2C,Seed Funding,Strategic partnerships with Corporates,5,
None,Yes,AGRITECH,Ideation,Patent Granted,Consumer to Consumer,Won a competiton,Targeting other audienc,0,
Less than a year,Yes,SMART CITIES,Launch,No,Business to Government,Crowd funding,Strategic partnerships with Corporates,3,
More than 5 years,No,SMART CITIES,Committment,Planning to file,Business to business,Won a competiton,Expand to new geographies,5,
1 - 5 years,No,SMART CITIES,Conception,No,Business to Government,Funding from Govt,Targeting other audienc,2,
1 - 5 years,No,SOCIAL,Ideation,Planning to file,Business to Government,Won a competiton,Cutting unit cost of product,0,
More than 5 years,No,FINTECH,Establishing,Patent Pending,Business to customers,Bootstrap,Open new stores,0,
None,Yes,EDTECH,Validation,No,Business to customers,Funding from Govt,Open new stores,3,
Less than a year,Yes,EDTECH,Committment,No,Business to customers,Seed Funding,Cutting unit cost of product,5,
Less than a year,Yes,AGRITECH,Scaling,Patent Pending,Business to Government,Bootstrap,Targeting other audienc,1,
1 - 5 years,Yes,AGRITECH,Ideation,Patent Granted,Business to business,Friends & Family,Expand to new geographies,1,
Less than a year,No,HEALTHTECH,Conception,Planning to file,Business to Government,Crowd funding,Expand to more verticals,1,
Less than a year,Yes,HEALTHTECH,Committment,No,Business to Government,Bootstrap,Cutting unit cost of product,2,
More than 5 years,No,EDTECH,Validation,Patent Granted,Business to Government,Funding from Govt,Targeting other audienc,2,
None,No,HEALTHTECH,Validation,Patent Pending,Business to customers,Seed Funding,Link up with eco-system players,3,
Less than a year,Yes,EDTECH,Ideation,Patent Granted,Business to business,Series A,Expand to more verticals,3,
More than 5 years,No,SUSTAINABILITY,Conception,Patent Pending,Consumer to Consumer,Won a competiton,Strategic partnerships with Corporates,3,
None,Yes,TRANSPORTATION,Committment,Planning to file,Consumer to Consumer,Funding from Govt,Cutting unit cost of product,0,
Less than a year,No,FINTECH,Validation,Patent Pending,Business to business,Funding from Govt,Open new stores,3,
None,Yes,SUSTAINABILITY,Conception,Non-patentable,Business to Government,Series A,Expand to new geographies,0,
More than 5 years,Yes,FINTECH,Ideation,Patent Pending,Consumer to Consumer,Funding from Govt,Expand to new geographies,0,
Less than a year,Yes,FINTECH,Ideation,Non-patentable,Consumer to Consumer,Series A,Cutting unit cost of product,5,
None,Yes,EDTECH,Committment,Patent Pending,Business to business,Bootstrap,Open new stores,0,
None,No,SUSTAINABILITY,Conception,Non-patentable,Consumer to Consumer,Funding from Govt,Expand to more verticals,3,
More than 5 years,Yes,SOCIAL,Conception,Planning to file,Consumer to Consumer,Series A,Link up with eco-system players,4,
None,Yes,AGRITECH,Committment,No,Consumer to Consumer,Funding from Govt,Open new stores,3,
Less than a year,Yes,SMART CITIES,Validation,Patent Granted,Business to business,Bootstrap,Targeting other audienc,0,
Less than a year,Yes,EDTECH,Ideation,Non-patentable,Business to customers,Crowd funding,Cutting unit cost of product,4,
Less than a year,No,EDTECH,Scaling,Patent Granted,Business to business,Series A,Cutting unit cost of product,4,
Less than a year,No,SUSTAINABILITY,Ideation,Non-patentable,B2B2C,Won a competiton,Targeting other audienc,2,
1 - 5 years,Yes,SMART CITIES,Conception,Planning to file,Business to business,Won a competiton,Cutting unit cost of product,2,
Less than a year,Yes,EDTECH,Conception,Patent Granted,Business to Government,Seed Funding,Link up with eco-system players,2,
More than 5 years,Yes,AGRITECH,Conception,No,B2B2C,Won a competiton,Cutting unit cost of product,0,
None,No,TRANSPORTATION,Ideation,Patent Granted,Business to business,Bootstrap,Targeting other audienc,0,
None,Yes,AGRITECH,Ideation,Patent Pending,Business to Government,Series A,Expand to more verticals,0,
More than 5 years,No,HEALTHTECH,Launch,Patent Granted,B2B2C,Friends & Family,Strategic partnerships with Corporates,5,
More than 5 years,No,AGRITECH,Conception,Planning to file,Business to customers,Seed Funding,Open new stores,5,
More than 5 years,Yes,SUSTAINABILITY,Scaling,Non-patentable,Business to Government,Series A,Strategic partnerships with Corporates,3,
None,No,HEALTHTECH,Validation,No,Business to Government,Seed Funding,Cutting unit cost of product,5,
Less than a year,Yes,HEALTHTECH,Ideation,No,Business to business,Funding from Govt,Link up with eco-system players,1,
Less than a year,Yes,EDTECH,Ideation,Non-patentable,Consumer to Consumer,Series A,Expand to new geographies,2,
More than 5 years,Yes,FINTECH,Ideation,Patent Granted,Consumer to Consumer,Series A,Open new stores,3,
Less than a year,Yes,AGRITECH,Launch,Non-patentable,Business to Government,Series A,Strategic partnerships with Corporates,2,
More than 5 years,No,SUSTAINABILITY,Scaling,Non-patentable,Consumer to Consumer,Won a competiton,Expand to more verticals,0,
None,No,SOCIAL,Scaling,Patent Pending,Consumer to Consumer,Won a competiton,Expand to more verticals,1,
Less than a year,No,SUSTAINABILITY,Scaling,No,Business to customers,Seed Funding,Link up with eco-system players,2,
1 - 5 years,Yes,SUSTAINABILITY,Conception,Non-patentable,Business to Government,Won a competiton,Open new stores,0,
More than 5 years,Yes,SUSTAINABILITY,Ideation,No,Business to Government,Crowd funding,Cutting unit cost of product,2,
More than 5 years,No,HEALTHTECH,Scaling,No,Business to business,Won a competiton,Expand to new geographies,3,
None,No,SUSTAINABILITY,Committment,Planning to file,Business to business,Friends & Family,Targeting other audienc,4,
1 - 5 years,Yes,SUSTAINABILITY,Launch,Patent Granted,Consumer to Consumer,Bootstrap,Expand to new geographies,2,
1 - 5 years,Yes,SMART CITIES,Committment,Patent Granted,Consumer to Consumer,Friends & Family,Link up with eco-system players,5,
None,No,TRANSPORTATION,Committment,Planning to file,Business to business,Friends & Family,Expand to new geographies,0,
More than 5 years,No,HEALTHTECH,Establishing,Planning to file,Business to customers,Bootstrap,Expand to more verticals,2,
Less than a year,Yes,FINTECH,Conception,Non-patentable,Business to customers,Series A,Expand to new geographies,5,
More than 5 years,No,SMART CITIES,Launch,No,Business to business,Seed Funding,Cutting unit cost of product,1,
Less than a year,Yes,TRANSPORTATION,Committment,Non-patentable,Business to customers,Won a competiton,Strategic partnerships with Corporates,2,
Less than a year,No,AGRITECH,Establishing,Patent Pending,Business to customers,Friends & Family,Expand to new geographies,3,
More than 5 years,Yes,EDTECH,Ideation,No,Business to business,Series A,Cutting unit cost of product,3,
Less than a year,No,HEALTHTECH,Conception,Patent Pending,Business to customers,Friends & Family,Expand to new geographies,4,
More than 5 years,No,SUSTAINABILITY,Conception,Non-patentable,Business to customers,Funding from Govt,Expand to new geographies,4,
Less than a year,No,FINTECH,Establishing,Non-patentable,B2B2C,Won a competiton,Cutting unit cost of product,5,
More than 5 years,No,SOCIAL,Launch,Non-patentable,Business to Government,Series A,Expand to more verticals,1,
More than 5 years,No,HEALTHTECH,Launch,Planning to file,Business to business,Friends & Family,Expand to new geographies,0,
1 - 5 years,Yes,AGRITECH,Validation,Patent Granted,B2B2C,Funding from Govt,Open new stores,3,
None,No,SUSTAINABILITY,Conception,Patent Granted,Business to customers,Seed Funding,Expand to new geographies,4,
Less than a year,Yes,SOCIAL,Validation,Patent Granted,Business to Government,Friends & Family,Open new stores,5,
None,No,SOCIAL,Ideation,Patent Granted,Business to Government,Seed Funding,Expand to new geographies,3,
Less than a year,Yes,TRANSPORTATION,Launch,Non-patentable,Consumer to Consumer,Crowd funding,Targeting other audienc,1,
None,Yes,SUSTAINABILITY,Validation,No,Consumer to Consumer,Friends & Family,Link up with eco-system players,4,
1 - 5 years,No,TRANSPORTATION,Conception,No,Business to customers,Bootstrap,Expand to more verticals,5,
More than 5 years,Yes,SOCIAL,Establishing,Patent Pending,Business to business,Seed Funding,Open new stores,3,
None,No,HEALTHTECH,Committment,No,Business to Government,Series A,Open new stores,5,
1 - 5 years,Yes,EDTECH,Scaling,Non-patentable,B2B2C,Won a competiton,Cutting unit cost of product,0,
1 - 5 years,No,HEALTHTECH,Ideation,Non-patentable,Consumer to Consumer,Series A,Cutting unit cost of product,5,
1 - 5 years,No,SOCIAL,Committment,Non-patentable,Business to customers,Funding from Govt,Targeting other audienc,2,
1 - 5 years,No,FINTECH,Conception,Non-patentable,Business to Government,Funding from Govt,Cutting unit cost of product,0,
More than 5 years,Yes,AGRITECH,Committment,Planning to file,Business to Government,Friends & Family,Targeting other audienc,4,
More than 5 years,Yes,TRANSPORTATION,Committment,No,Business to business,Funding from Govt,Expand to new geographies,4,
More than 5 years,No,FINTECH,Scaling,No,Consumer to Consumer,Seed Funding,Cutting unit cost of product,1,
Less than a year,No,SOCIAL,Scaling,Patent Granted,Consumer to Consumer,Series A,Open new stores,5,
None,No,SOCIAL,Launch,Patent Pending,B2B2C,Won a competiton,Expand to new geographies,1,
1 - 5 years,Yes,SUSTAINABILITY,Launch,Planning to file,B2B2C,Bootstrap,Cutting unit cost of product,4,
More than 5 years,No,HEALTHTECH,Validation,Patent Pending,Business to Government,Seed Funding,Targeting other audienc,3,
1 - 5 years,No,SOCIAL,Scaling,Patent Granted,Consumer to Consumer,Friends & Family,Strategic partnerships with Corporates,4,
1 - 5 years,No,SOCIAL,Ideation,Patent Granted,Business to customers,Funding from Govt,Expand to new geographies,4,
1 - 5 years,No,AGRITECH,Scaling,Patent Pending,Consumer to Consumer,Funding from Govt,Link up with eco-system players,4,
None,No,FINTECH,Validation,Patent Granted,Business to customers,Seed Funding,Open new stores,0,
Less than a year,No,FINTECH,Committment,No,B2B2C,Friends & Family,Expand to new geographies,2,
1 - 5 years,Yes,AGRITECH,Ideation,Non-patentable,Business to business,Friends & Family,Strategic partnerships with Corporates,3,
Less than a year,Yes,SMART CITIES,Launch,Patent Granted,Business to Government,Crowd funding,Link up with eco-system players,1,
1 - 5 years,No,HEALTHTECH,Scaling,Patent Pending,Consumer to Consumer,Friends & Family,Strategic partnerships with Corporates,1,
1 - 5 years,No,HEALTHTECH,Establishing,Patent Granted,Business to customers,Crowd funding,Strategic partnerships with Corporates,4,
Less than a year,No,TRANSPORTATION,Launch,Patent Pending,B2B2C,Funding from Govt,Expand to new geographies,1,
Less than a year,Yes,HEALTHTECH,Conception,Patent Pending,Business to Government,Bootstrap,Open new stores,0,
Less than a year,No,SMART CITIES,Scaling,No,B2B2C,Friends & Family,Cutting unit cost of product,0,
1 - 5 years,Yes,TRANSPORTATION,Launch,Planning to file,Business to customers,Crowd funding,Expand to new geographies,1,
Less than a year,Yes,FINTECH,Launch,No,Business to business,Won a competiton,Expand to new geographies,0,
More than 5 years,Yes,EDTECH,Conception,Patent Pending,Consumer to Consumer,Series A,Targeting other audienc,4,
1 - 5 years,Yes,FINTECH,Establishing,No,Business to Government,Funding from Govt,Expand to more verticals,0,
